DROP DATABASE IF EXISTS Artists;
CREATE DATABASE Artists;
USE Artists;
CREATE TABLE Genre (genre_id INT NOT NULL PRIMARY KEY,
                    genre VARCHAR(20)
                  );
CREATE TABLE Artists (artists_id INT NOT NULL PRIMARY KEY,
                      artists_name VARCHAR(50) NOT NULL,
                      genre_id INT NOT NULL,
                      FOREIGN KEY (genre_id) REFERENCES Genre(genre_id)
);
INSERT INTO Genre
VALUES (1,'Indie Rock'),
       (2,'Hard Rock'),
       (3,'Metal'),
       (4,'Punk'),
       (5,'Pop'),
       (6,'Emo-punk'),
       (7,'Trash Metal'),
       (8,'Nu-Metal');
INSERT INTO Artists
VALUES (1,'Black Sabbath',2),
       (2,'Van Halen',2),
       (3,'Metallica',3),
       (4,'Megadeth',3),
       (5,'White Stripes',1),
       (6,'Slayer',7),
       (7,'Slipknot',8),
       (8,'Alanis Morisette',5),
       (9,'My Chemical Romance',6),
       (10,'Green Day',4),
       (11,'Guns & Roses',2);

DROP DATABASE IF EXISTS VanHalen;
CREATE DATABASE VanHalen;
USE VanHalen;
CREATE TABLE Songs (song_id INT NOT NULL PRIMARY KEY,
                    title VARCHAR(50),
                    length DECIMAL(5,2),
                    link VARCHAR(128),
                    live VARCHAR(3)
);
CREATE TABLE Album (album_id INT NOT NULL PRIMARY KEY,
                    title VARCHAR(50),
                    length DECIMAL(5,2),
                    year DATE
);
CREATE TABLE Artist (artist_id INT NOT NULL PRIMARY KEY,
                     name VARCHAR(30)
);
CREATE TABLE Songs_Album (song_id INT NOT NULL,
                          album_id INT NOT NULL,
                          PRIMARY KEY (song_id, album_id),
                          FOREIGN KEY (song_id) REFERENCES Songs(song_id),
                          FOREIGN KEY (album_id) REFERENCES Album(album_id)
);
CREATE TABLE Songs_Artist (song_id INT NOT NULL,
                           artist_id INT NOT NULL,
                           PRIMARY KEY (song_id, artist_id),
                           FOREIGN KEY (song_id) REFERENCES Songs(song_id),
                           FOREIGN KEY (artist_id) REFERENCES Artist(artist_id)
);
INSERT INTO Artist VALUES (1,'Eddie Van Halen'),
                          (2,'David Lee Roth'),
                          (3,'Alex Van Halen'),
                          (4,'Michael Anthony'),
                          (5,'Sammy Hagar'),
                          (6,'Gary Cherone'),
                          (7,'Wolfgang Van Halen'),
                          (8,'Ray Davies'),
                          (9,'John Brim'),
                          (10,'Clint Ballard Jr.'),
                          (11,'William Dees'),
                          (12,'Roy Orbison'),
                          (13,'Marvin Gaye'),
                          (14,'Ivy Hunter'),
                          (15,'William Stevenson'),
                          (16,'Milton Ager'),
                          (17,'Jack Yellen'),
                          (18,'Dale Evans'),
                          (19,'Michael McDonald'),
                          (20,'Lowell George'),
                          (21,'Pete Townshend')
;

INSERT INTO Album VALUES (1,'Van Halen', 35.34, '1978-02-10'),
                         (2,'Van Halen II', 31.36, '1979-03-23'),
                         (3,'Women and Children First', 33.35, '1980-03-26'),
                         (4,'Fair Warning',31.11,'1981-04-29'),
                         (5,'Diver Down',31.04,'1982-04-14'),
                         (6,'1984',33.22,'1984-01-09'),
                         (7,'5150',43.14,'1986-03-24'),
                         (8,'OU812',50.09,'1988-05-24'),
                         (9,'For Unlawful Carnal Knowledge',52.00,'1991-06-18'),
                         (10,'Balance',53.18,'1995-01-24'),
                         (11,'Van Halen III',65.22,'1998-03-17'),
                         (12,'A different kind of Truth',50.12,'2012-02-07'),
                         (13,'Live: Right Here, Right Now',141.29, '1993-02-23'),
                         (14,'Tokyo Dome Live in Concert',119.52,'2015-03-31'),
                         (15,'Best of Volume I',71.33,'1996-10-22'),
                         (16,'The Best of Both Worlds',156.38,'2004-07-20')
;

INSERT INTO Songs
VALUES
(1,"Runnin' with the Devil",3.36,'https://www.youtube.com/watch?v=Bl4dEAtxo0M&ab_channel=mig31imstillalive','no'),
(2,'Eruption (instrumental)',1.42,'https://www.youtube.com/watch?v=M4Czx8EWXb0&ab_channel=VanHalen-Topic','no'),
(3,'You Really Got Me',2.38,'https://www.youtube.com/watch?v=HB8WHA3WWz0&ab_channel=SoundSociety','no'),
(4,"Ain't talking about love",3.50,'https://www.youtube.com/watch?v=Y-IUB62zDlA&ab_channel=TheCrazyAssault','no'),
(5, "I'm the One",3.47,'https://www.youtube.com/watch?v=kzkXGIRaxcI&ab_channel=VanHalen765','no'),
(6,"Jamie's cryin",3.31,'https://www.youtube.com/watch?v=2MVplfdNC6E&ab_channel=MrRockMusicNOW','no'),
(7,"Atomic Punk",3.02,'https://www.youtube.com/watch?v=1m-DYM7JvMA&ab_channel=VanHalen765','no'),
(8,"Feel your Love Tonight",3.43,'https://www.youtube.com/watch?v=Q6zTXPN_PPo&ab_channel=VanHalen765','no'),
(9,"Little Dreamer",3.23,'https://www.youtube.com/watch?v=kbixKDRxIz0&ab_channel=VanHalen765','no'),
(10,"Ice Cream Man",3.20,'https://www.youtube.com/watch?v=i2RKWJD5ops&ab_channel=VanHalen765','no'),
(11,"On Fire",3.01,'https://www.youtube.com/watch?v=Z6z-nxAYhGw&ab_channel=VanHalen765','no'),
(12,"You're no good",3.16, 'https://www.youtube.com/watch?v=GBN3BtdIr0Y&ab_channel=andrewragford89','no'),
(13,"Dance the night away",3.06,'https://www.youtube.com/watch?v=pQ9pYwCKopE&ab_channel=VanHalen765','no'),
(14,"Somebody get me a doctor",2.52,'https://www.youtube.com/watch?v=JhASOgRA1SE&ab_channel=VanHalen-Topic','no'),
(15,"Bottoms Up!",3.05,'https://www.youtube.com/watch?v=Z8fYlqqg-pQ&ab_channel=VanHalen765','no'),
(16,"Outta Love Again",2.51,'https://www.youtube.com/watch?v=TU64RQYLbtk&ab_channel=VanHalen765','no'),
(17,"Light up the Sky",3.13,'https://www.youtube.com/watch?v=4uiqgwUs1l4&ab_channel=VanHalen765','no'),
(18,"Spanish Fly",1.00,'https://www.youtube.com/watch?v=iDsa4uDM3zU&ab_channel=VanHalen765','no'),
(19,"D.O.A",4.09,'https://www.youtube.com/watch?v=-0XdzSMzwgw&ab_channel=VanHalen765','no'),
(20,"Women in Love...",4.08,'https://www.youtube.com/watch?v=iofxm92XcMI&ab_channel=VanHalen765','no'),
(21,"Beautiful Girls",3.56,'https://www.youtube.com/watch?v=bJ9h2m06sFQ&ab_channel=VanHalen765','no'),
(22,"And the Cradle will Rock...",3.31,'https://www.youtube.com/watch?v=FFez84xaR6Q&ab_channel=andrewragford89','no'),
(23,"Everybody wants some!!",5.05,'https://www.youtube.com/watch?v=4EI8JN-fSLo&ab_channel=VanHalen-Topic','no'),
(24,"Fools",5.55,'https://www.youtube.com/watch?v=j-g4flwXpE8&ab_channel=VanHalen-Topic','no'),
(25,"Romeo Delight",4.19,'https://www.youtube.com/watch?v=FGbb8-j1Suo&ab_channel=VanHalen-Topic','no'),
(26,"Tora!Tora",0.57,'https://www.youtube.com/watch?v=iiTQNiiSDCU&ab_channel=VanHalen-Topic','no'),
(27,"Loss of Control",2.36,'https://www.youtube.com/watch?v=Hygxc25qhic&ab_channel=VanHalen-Topic','no'),
(28,"Take your Whiskey Home",3.09,'https://www.youtube.com/watch?v=RlYO-lVrSCg&ab_channel=andrewragford89','no'),
(29,"Could this be magic?",3.08,'https://www.youtube.com/watch?v=CBsBiqBPvoQ&ab_channel=andrewragford89','no'),
(30,"In a simple rhyme",4.18,'https://www.youtube.com/watch?v=n-vBHPvejvU&ab_channel=VanHalen-Topic','no'),
(31,"Mean Street",4.58,'https://www.youtube.com/watch?v=U2R2KXNQR1M&ab_channel=MrWisedude','no'),
(32,"Dirty Movies",4.08,'https://www.youtube.com/watch?v=NjVbokE_cFA&ab_channel=VanHalen-Topic','no'),
(33,"Sinner's Swing!",3.09,'https://www.youtube.com/watch?v=JnZE7n2Gl3Q&ab_channel=VanHalen-Topic','no'),
(34,"Hear about it Later",4.35,'https://www.youtube.com/watch?v=54sEMKGXq5Q&ab_channel=VanHalen765','no'),
(35,"Unchained",3.29,'https://www.youtube.com/watch?v=xx86CxKYtg0&ab_channel=killthedead23','no'),
(36,"Push comes to shove",3.49,'https://www.youtube.com/watch?v=2qRP6hNefYg&ab_channel=VanHalen-Topic','no'),
(37,"So This is Love?",3.06,'https://www.youtube.com/watch?v=rLUn42qwKHc&ab_channel=VanHalen-Topic','no'),
(38,"Sunday afternoon in the Park",1.59,'https://www.youtube.com/watch?v=lgMp9ADcYls&ab_channel=VanHalen-Topic','no'),
(39,"One foot out the Door",1.58,'https://www.youtube.com/watch?v=1vOL8e8oeTQ&ab_channel=VanHalen765','no'),
(40,"Where have all the good times gone!",3.02,'https://www.youtube.com/watch?v=ke3ua0kLhYA&ab_channel=VanHalen765','no'),
(41,"Hang'em High",3.28,'https://www.youtube.com/watch?v=YjOKti90xQA&ab_channel=VanHalen-Topic','no'),
(42,"Cathedral",1.23,'https://www.youtube.com/watch?v=Nz7FDHlu52U&ab_channel=VanHalen-Topic','no'),
(43,"Secrets",3.28,'https://www.youtube.com/watch?v=2amyCWvGZVc&ab_channel=VanHalen-Topic','no'),
(44,"Intruder",1.39,'https://www.youtube.com/watch?v=0RZf-bV3aRE&ab_channel=VanHalen-Topic','no'),
(45,"(Oh) Pretty Woman",2.53,'https://www.youtube.com/watch?v=3z1CdiWQLqE&ab_channel=VanHalen-Topic','no'),
(46,"Dancing in the Street",3.43,'https://www.youtube.com/watch?v=D5qT2C_Ggpg&ab_channel=VanHalen765','no'),
(47,"Little Guitars(intro)",0.42,'https://www.youtube.com/watch?v=6umKShwSVQA&ab_channel=andrewragford89','no'),
(48,"Little Guitars",3.47,'https://www.youtube.com/watch?v=6umKShwSVQA&ab_channel=andrewragford89','no'),
(49,"Big Bad Bill (is sweet William Now)",2.44,'https://www.youtube.com/watch?v=kkxqcWhym9U&ab_channel=VanHalen-Topic','no'),
(50,"The Full Bug",3.18,'https://www.youtube.com/watch?v=jd6mSLI0-wY&ab_channel=VanHalen-Topic','no'),
(51,"Happy Trails",1.03,'https://www.youtube.com/watch?v=uGvp5EZjsbc&ab_channel=VanHalen-Topic','no'),
(52,"1984",1.07,'https://www.youtube.com/watch?v=UM68ZL42hp0&ab_channel=VanHalen-Topic','no'),
(53,"Jump",4.01,'https://www.youtube.com/watch?v=bX9RMdcFQAw&ab_channel=VanHalen-Topic','no'),
(54,"Panama",3.31,'https://www.youtube.com/watch?v=YRFKU6QvBJY&ab_channel=VanHalen-Topic','no'),
(55,"Top Jimmy",2.59,'https://www.youtube.com/watch?v=ssi9du5lUpA&ab_channel=VanHalen-Topic','no'),
(56,"Drop Dead Legs",4.14,'https://www.youtube.com/watch?v=-EwJ9PkcZk4&ab_channel=VanHalen-Topic','no'),
(57,"Hot for Teacher",4.42,'https://www.youtube.com/watch?v=TpLzW7fm1c0&ab_channel=VanHalen-Topic','no'),
(58,"I'll wait",4.40,'https://www.youtube.com/watch?v=_CIE041T954&ab_channel=VanHalen-Topic','no'),
(59,"Girl Gone Bad",4.35,'https://www.youtube.com/watch?v=FcJA2-Vq4xY&ab_channel=VanHalen-Topic','no'),
(60,"House of Pain",3.19,'https://www.youtube.com/watch?v=mg5zzivyOcA&ab_channel=VanHalen-Topic','no'),
(61,"Good Enough",4.05,'https://www.youtube.com/watch?v=o936NLQMqJw&ab_channel=VanHalen-Topic','no'),
(62,"Why can't this be Love",3.48,'https://www.youtube.com/watch?v=1VaEdKwXJhM&ab_channel=andrewragford89','no'),
(63,"Get Up",4.37,'https://www.youtube.com/watch?v=vqlF4HPHDd8&ab_channel=VanHalen-Topic','no'),
(64,"Dreams",4.54,'https://www.youtube.com/watch?v=cLdqOQTTTRY&ab_channel=VanHalen-Topic','no'),
(65,"Summer Nights",5.06,'https://www.youtube.com/watch?v=NSjnWI8HdhM&ab_channel=VanHalen-Topic','no'),
(66,"Best of Both Worlds",4.49,'https://www.youtube.com/watch?v=TldVj-GHWiw&ab_channel=VanHalen-Topic','no'),
(67,"Love Walks in",5.11,'https://www.youtube.com/watch?v=8qcQ34iTswY&ab_channel=VanHalen-Topic','no'),
(68,"5150",5.44,'https://www.youtube.com/watch?v=mN8Ncoenewg&ab_channel=VanHalen-Topic','no'),
(69,"Inside",5.02,'https://www.youtube.com/watch?v=xh5hRYA1_SY&ab_channel=VanHalen-Topic','no'),
(70,"Mine all Mine",5.11,'https://www.youtube.com/watch?v=sRAll_rbYcY&ab_channel=VanHalen-Topic','no'),
(71,"When it's love",5.36,'https://www.youtube.com/watch?v=6AKw4a1sMYU&ab_channel=VanHalen-Topic','no'),
(72,"A.F.U (Naturally Wired)",4.28,'https://www.youtube.com/watch?v=hsvbk3PJUdw&ab_channel=VanHalen-Topic','no'),
(73,"Cabo Wabo",7.04,'https://www.youtube.com/watch?v=23KLzn9rgbM&ab_channel=VanHalen-Topic','no'),
(74,"Source of infection",3.58,'https://www.youtube.com/watch?v=lkISvDGvCOU&ab_channel=VanHalen-Topic','no'),
(75,"Feels so Good",4.27,'https://www.youtube.com/watch?v=iYTMuBx0PMA&ab_channel=VanHalen-Topic','no'),
(76,"Finish what ya Started",4.20,'https://www.youtube.com/watch?v=GrfhhptJEPY&ab_channel=VanHalen-Topic','no'),
(77,"Black and Blue",5.24,'https://www.youtube.com/watch?v=3UibtR1nGH4&ab_channel=VanHalen-Topic','no'),
(78,"Sucker in a 3 piece",5.52,'https://www.youtube.com/watch?v=n7_7hurvGjA&ab_channel=VanHalen-Topic','no'),
(79,"A apolitical blues",3.50,'https://www.youtube.com/watch?v=fbobBws92HY&ab_channel=VanHalen-Topic','no'),
(80,"Poundcake",5.21,'https://www.youtube.com/watch?v=M0I-bc-manw&ab_channel=VanHalen-Topic','no'),
(81,"Judgement Day",4.38,'https://www.youtube.com/watch?v=KHZMtsNJItI&ab_channel=VanHalen-Topic','no'),
(82,"Spanked",4.53,'https://www.youtube.com/watch?v=esZTTFdICd0&ab_channel=VanHalen-Topic','no'),
(83,"Runaround",4.20,'https://www.youtube.com/watch?v=XBVnq2C4evk&ab_channel=VanHalen-Topic','no'),
(84,"Pleasure Dome",6.58,'https://www.youtube.com/watch?v=EYH4l37_rFI&ab_channel=VanHalen-Topic','no'),
(85,"In 'n' Out",6.04,'https://www.youtube.com/watch?v=pSwOwc26BKI&ab_channel=VanHalen-Topic','no'),
(86,"Man on a Mission",5.03,'https://www.youtube.com/watch?v=2AEzE6rWls0&ab_channel=VanHalen-Topic','no'),
(87,"The Dream is Over",3.59,'https://www.youtube.com/watch?v=eDcTok5q96g&ab_channel=VanHalen-Topic','no'),
(88,"Right Now",5.21,'https://www.youtube.com/watch?v=RsiuttB-WVs&ab_channel=VanHalen-Topic','no'),
(89,"316",1.29,'https://www.youtube.com/watch?v=qkb0BfYeCJc&ab_channel=VanHalen-Topic','no'),
(90,"Top of the World",3.54,'https://www.youtube.com/watch?v=yBFsFUyDGF8&ab_channel=VanHalen-Topic','no'),
(91,"Poundcake",5.28,'https://www.youtube.com/watch?v=g1a6wBTvhoQ&ab_channel=VanHalen-Topic','yes'),
(92,"Judgement Day",4.52,'https://www.youtube.com/watch?v=TZrx6dxDpW4&ab_channel=VanHalen-Topic','yes'),
(93,"When it's love",5.22,'https://www.youtube.com/watch?v=KcHrNHS9KTQ&ab_channel=VanHalen-Topic','yes'),
(94,"Spanked",5.08,'https://www.youtube.com/watch?v=uPSVU7tMSIQ&ab_channel=VanHalen-Topic','yes'),
(95,"Ain't talking about love",4.37,'https://www.youtube.com/watch?v=C2alt6jVob4&ab_channel=VanHalen-Topic','yes'),
(96,"In 'n' Out",6.21,'https://www.youtube.com/watch?v=aRNc54Cwvqw&ab_channel=VanHalen-Topic','yes'),
(97,"Dreams",4.49,'https://www.youtube.com/watch?v=D6zN1gv62_Q&ab_channel=VanHalen-Topic','yes'),
(98,"Man on a Mission",4.50,'https://www.youtube.com/watch?v=2wUgKSy5MFU&ab_channel=VanHalen-Topic','yes'),
(99,"Ultra Bass/Michael Anthony Bass Solo",5.15,'https://www.youtube.com/watch?v=YzryqqX0xxY&ab_channel=VanHalen-Topic','yes'),
(100,"Pleasure Dome/Drum Solo",9.38,'https://www.youtube.com/watch?v=k_qtVoJEbj8&ab_channel=VanHalen-Topic','yes'),
(101,"Panama",6.39,'https://www.youtube.com/watch?v=oh9Q04XZtRQ&ab_channel=VanHalen-Topic','yes'),
(102,"Love Walks in",5.14,'https://www.youtube.com/watch?v=ZvQRasvA9dQ&ab_channel=VanHalen-Topic','yes'),
(103,"Runaround",5.21,'https://www.youtube.com/watch?v=4Ya7Zw_Ka1g&ab_channel=VanHalen-Topic','yes'),
(104,"Right Now",6.13,'https://www.youtube.com/watch?v=rz1aiJ_gFGo&ab_channel=VanHalen-Topic','yes'),
(105,"One way to Rock",4.58,'https://www.youtube.com/watch?v=ptEH6AdwlUA&ab_channel=VanHalen-Topic','yes'),
(106,"Why can't this be Love",5.22,'https://www.youtube.com/watch?v=Dy_EqsWQ7H4&ab_channel=VanHalen-Topic','yes'),
(107,"Give to live",5.39,'https://www.youtube.com/watch?v=RgD3LqZZMlo&ab_channel=VanHalen-Topic','yes'),
(108,"Finish what ya Started",5.50,'https://www.youtube.com/watch?v=Ux_wbU3p0kA&ab_channel=VanHalen-Topic','yes'),
(109,"Best of Both Worlds",5.00,'https://www.youtube.com/watch?v=uxEY8hEyV14&ab_channel=VanHalen-Topic','yes'),
(110,"316",11.37,'https://www.youtube.com/watch?v=7KShKie9dEc&ab_channel=VanHalen-Topic','yes'),
(111,'You Really Got Me',2.38,'https://www.youtube.com/watch?v=y4SJfMZQEL4&ab_channel=VanHalen-Topic','yes'),
(112,"Cabo Wabo",7.04,'https://www.youtube.com/watch?v=y4SJfMZQEL4&ab_channel=VanHalen-Topic','yes'),
(113,"Won't be Fooled Again",5.41,'https://www.youtube.com/watch?v=uIF6bkxCmbc&ab_channel=VanHalen-Topic','yes'),
(114,"Jump",4.26,'https://www.youtube.com/watch?v=D0fGEwgT4b0&ab_channel=VanHalen-Topic','yes'),
(115,"Top of the World",4.59,'https://www.youtube.com/watch?v=TP14HTcXTIY&ab_channel=VanHalen-Topic','yes'),
(116,"The Seventh Seal",5.18,'https://www.youtube.com/watch?v=GWaiKWGDKUY&ab_channel=VanHalen-Topic','no'),
(117,"Can't Stop Loving you",4.08,'https://www.youtube.com/watch?v=63rhBxnd768&ab_channel=VanHalen-Topic','no'),
(118,"Don't tell me (what Love can do)",5.56,'https://www.youtube.com/watch?v=09_efK5gnOQ&ab_channel=VanHalen-Topic','no'),
(119,"Amsterdam",4.45,'https://www.youtube.com/watch?v=BxvLdsfdOe0&ab_channel=VanHalen-Topic','no'),
(120,"Big fat Money",3.57,'https://www.youtube.com/watch?v=e5aTXF28ZJo&ab_channel=VanHalen-Topic','no'),
(121,"Strung out (Instrumental)",1.29,'https://www.youtube.com/watch?v=NRzIVuT0vTo&ab_channel=VanHalen-Topic','no'),
(122,"Not Enough",5.13,'https://www.youtube.com/watch?v=v2pLD0ImWhI&ab_channel=VanHalen-Topic','no'),
(123,"Aftershock",5.29,'https://www.youtube.com/watch?v=uT1ALd5viSQ&ab_channel=VanHalen-Topic','no'),
(124,"Doin'Time (Instrumental)",1.41,'https://www.youtube.com/watch?v=fLZ-3WajkgU&ab_channel=VanHalen-Topic','no'),
(125,"Baluchitherium (Instrumental)",4.05,'https://www.youtube.com/watch?v=iW9tHtAkaxk&ab_channel=VanHalen-Topic','no'),
(126,"Take me back (Deva Ju)",4.43,'https://www.youtube.com/watch?v=nMoK5QAOy_A&ab_channel=VanHalen-Topic','no'),
(127,"Feelin",6.36,'https://www.youtube.com/watch?v=O0TzsFoYZyI&ab_channel=VanHalen-Topic','no'),
(128,"Crossing Over",4.49,'https://www.youtube.com/watch?v=6XpGV3wbztw&ab_channel=TheManFromCabo','no'),
(129,"Humans Being",5.14,'https://www.youtube.com/watch?v=-XmEi6NwdLE&ab_channel=VanHalen-Topic','no'),
(130,"Can't get This stuff no more",5.16,'https://www.youtube.com/watch?v=NYAcUXpmX2g&ab_channel=VanHalen-Topic','no'),
(131,"Me Wise Magic",6.09,'https://www.youtube.com/watch?v=U29j2IDn5Kc&ab_channel=VanHalen-Topic','no'),
(132,"Neworld (Intro)",1.45,'https://www.youtube.com/watch?v=3EBo9CxUXTI&ab_channel=VanHalen-Topic','no'),
(133,"Without you",6.30,'https://www.youtube.com/watch?v=QF7QQ1Mm19s&ab_channel=VanHalen-Topic','no'),
(134,"One I want",5.30,'https://www.youtube.com/watch?v=gysu_8YDeek&ab_channel=VanHalen-Topic','no'),
(135,"From Afar",5.24,'https://www.youtube.com/watch?v=sF1wHownzhk&ab_channel=VanHalen-Topic','no'),
(136,"Dirty water dog",5.27,'https://www.youtube.com/watch?v=1KsORUW4AFA&ab_channel=VanHalen-Topic','no'),
(137,"Once",7.42,'https://www.youtube.com/watch?v=8azPXBGUZBg&ab_channel=VanHalen-Topic','no'),
(138,"Fire in the Hole",5.31,'https://www.youtube.com/watch?v=x6YOqjUE3K4&ab_channel=VanHalen-Topic','no'),
(139,"Josephina",5.42,'https://www.youtube.com/watch?v=huUY_U9-0xQ&ab_channel=VanHalen-Topic','no'),
(140,"Year to the day",8.34,'https://www.youtube.com/watch?v=O91BE_EPNVY&ab_channel=VanHalen-Topic','no'),
(141,"Primary (electric sitar solo)",1.27,'https://www.youtube.com/watch?v=NSHoNdhAQvM&ab_channel=VanHalen-Topic','no'),
(142,"Ballot or the Bullet",5.42,'https://www.youtube.com/watch?v=pYoJebYFAxU&ab_channel=VanHalen-Topic','no'),
(143,"How many Say I",6.04,'https://www.youtube.com/watch?v=HMZALoDzj_Q&ab_channel=VanHalen-Topic','no'),
(144,"It's about Time",4.15,'https://www.youtube.com/watch?v=Mqi6o69-I_E&ab_channel=VanHalen-Topic','no'),
(145,"Up for breakfast",4.57,'https://www.youtube.com/watch?v=vwgOFAczkXM&ab_channel=VanHalen-Topic','no'),
(146,"Learning to see",5.15,'https://www.youtube.com/watch?v=RGqaQi8wMMk&ab_channel=VanHalen-Topic','no'),
(147,"Tattoo",4.44,'https://www.youtube.com/watch?v=-SxgoWIgx6c&ab_channel=VanHalen-Topic','no'),
(148,"She's the Woman",2.56,'https://www.youtube.com/watch?v=LRsgI7mmDuI&ab_channel=VanHalen-Topic','no'),
(149,"You and your Blues",3.43,'https://www.youtube.com/watch?v=LWsFrG2decA&ab_channel=VanHalen-Topic','no'),
(150,"China Town",3.14,'https://www.youtube.com/watch?v=HC-8hYV4qw0&ab_channel=VanHalen-Topic','no'),
(151,"Blood and Fire",4.26,'https://www.youtube.com/watch?v=FRzG8xSqUdY&ab_channel=VanHalen-Topic','no'),
(152,"Bullethead",2.30,'https://www.youtube.com/watch?v=B2kholsC1I4&ab_channel=VanHalen-Topic','no'),
(153,"As Is",4.47,'https://www.youtube.com/watch?v=lZlykv-uaqI&ab_channel=VanHalen-Topic','no'),
(154,"Honeybabysweetiedoll",3.46,'https://www.youtube.com/watch?v=UjSoFyYEIUs&ab_channel=VanHalen-Topic','no'),
(155,"The trouble with Never",3.59,'https://www.youtube.com/watch?v=JwcY-7yXnEM&ab_channel=VanHalen-Topic','no'),
(156,"Outta Space",2.53,'https://www.youtube.com/watch?v=z2avrwP-iTA&ab_channel=VanHalen-Topic','no'),
(157,"Stay Frosty",4.07,'https://www.youtube.com/watch?v=JpiYBuT0vtM&ab_channel=VanHalen-Topic','no'),
(158,"Big River",3.50,'https://www.youtube.com/watch?v=2GqIj06MF48&ab_channel=VanHalen-Topic','no'),
(159,"Beats Workin",5.02,'https://www.youtube.com/watch?v=V1ohjJQEaY8&ab_channel=VanHalen-Topic','no'),
(160,"Unchained",4.56,'https://www.youtube.com/watch?v=oi6hrIIRlV4&list=PLH7EcK0NGu2DUkLm8sq_Wud9DivOfikKM&index=1&ab_channel=VanHalen-Topic','yes'),
(161,"Runnin'with the devil",3.44,'https://www.youtube.com/watch?v=IbrF3iDwc8M&list=PLH7EcK0NGu2DUkLm8sq_Wud9DivOfikKM&index=2&ab_channel=VanHalen-Topic','yes'),
(162,"She's the woman",2.57,'https://www.youtube.com/watch?v=yDKJAb6-q4k&list=PLH7EcK0NGu2DUkLm8sq_Wud9DivOfikKM&index=3&ab_channel=VanHalen-Topic','yes'),
(163,"I'm the One",4.12,'https://www.youtube.com/watch?v=CahtZGxRbek&list=PLH7EcK0NGu2DUkLm8sq_Wud9DivOfikKM&index=4&ab_channel=VanHalen-Topic','yes'),
(164,"Tattoo",4.32,'https://www.youtube.com/watch?v=aHWog_Dcmro&list=PLH7EcK0NGu2DUkLm8sq_Wud9DivOfikKM&index=5&ab_channel=VanHalen-Topic','yes'),
(165,"Everybody wants some!",8.30,'https://www.youtube.com/watch?v=5HnVcH_LTNE&list=PLH7EcK0NGu2DUkLm8sq_Wud9DivOfikKM&index=6&ab_channel=VanHalen-Topic','yes'),
(166,"Somebody get me a doctor",3.22,'https://www.youtube.com/watch?v=-kcbGjaIcZ0&list=PLH7EcK0NGu2DUkLm8sq_Wud9DivOfikKM&index=7&ab_channel=VanHalen-Topic','yes'),
(167,"China Town",3.22,'https://www.youtube.com/watch?v=4AxIZbCAbRE&list=PLH7EcK0NGu2DUkLm8sq_Wud9DivOfikKM&index=8&ab_channel=VanHalen-Topic','yes'),
(168,"Hear about it later",5.11,'https://www.youtube.com/watch?v=oWCqM8ckAYM&list=PLH7EcK0NGu2DUkLm8sq_Wud9DivOfikKM&index=9&ab_channel=VanHalen-Topic','yes'),
(169,"(Oh) Pretty Woman",3.08,'https://www.youtube.com/watch?v=zVCnC_HtJuQ&list=PLH7EcK0NGu2DUkLm8sq_Wud9DivOfikKM&index=10&ab_channel=VanHalen-Topic','yes'),
(170,"Me & You (Drum Solo)",2.54,'https://www.youtube.com/watch?v=yNKkTN40lbQ&list=PLH7EcK0NGu2DUkLm8sq_Wud9DivOfikKM&index=11&ab_channel=VanHalen-Topic','yes'),
(171,"You really got Me",5.34,'https://www.youtube.com/watch?v=xObBnaJP-ig&list=PLH7EcK0NGu2DUkLm8sq_Wud9DivOfikKM&index=12&ab_channel=VanHalen-Topic','yes'),
(172,"Dance the night away",4.27,'https://www.youtube.com/watch?v=DoVI3Ut3Ojk&list=PLH7EcK0NGu2DUkLm8sq_Wud9DivOfikKM&index=13&ab_channel=VanHalen-Topic','yes'),
(173,"I'll wait",5.03,'https://www.youtube.com/watch?v=5Xwhjmx6fh4&list=PLH7EcK0NGu2DUkLm8sq_Wud9DivOfikKM&index=14&ab_channel=VanHalen-Topic','yes'),
(174,"And the Cradle will Rock...",3.44,'https://www.youtube.com/watch?v=rVdKZOiF34M&list=PLH7EcK0NGu2DUkLm8sq_Wud9DivOfikKM&index=15&ab_channel=VanHalen-Topic','yes'),
(175,"Hot for Teacher",5.44,'https://www.youtube.com/watch?v=mLuZU0sK25Q&list=PLH7EcK0NGu2DUkLm8sq_Wud9DivOfikKM&index=16&ab_channel=VanHalen-Topic','yes'),
(176,"Women in Love...",4.25,'https://www.youtube.com/watch?v=zHp09C9Z5g0&list=PLH7EcK0NGu2DUkLm8sq_Wud9DivOfikKM&index=17&ab_channel=VanHalen-Topic','yes'),
(177,"Romeo Delight",5.47,'https://www.youtube.com/watch?v=xVpcZCiM6xI&list=PLH7EcK0NGu2DUkLm8sq_Wud9DivOfikKM&index=18&ab_channel=VanHalen-Topic','yes'),
(178,"Mean Street",5.11,'https://www.youtube.com/watch?v=fqcKWABZofk&list=PLH7EcK0NGu2DUkLm8sq_Wud9DivOfikKM&index=19&ab_channel=VanHalen-Topic','yes'),
(179,"Beautiful Girls",3.36,'https://www.youtube.com/watch?v=1etKa8tSQnM&list=PLH7EcK0NGu2DUkLm8sq_Wud9DivOfikKM&index=20&ab_channel=VanHalen-Topic','yes'),
(180,"Ice Cream man",5.10,'https://www.youtube.com/watch?v=K5PUnzUIr6Y&list=PLH7EcK0NGu2DUkLm8sq_Wud9DivOfikKM&index=21&ab_channel=VanHalen-Topic','yes'),
(181,"Panama",4.20,'https://www.youtube.com/watch?v=IIF6ahecUD8&list=PLH7EcK0NGu2DUkLm8sq_Wud9DivOfikKM&index=22&ab_channel=VanHalen-Topic','yes'),
(182,"Eruption",8.08,'https://www.youtube.com/watch?v=RKYxMYrOkIY&list=PLH7EcK0NGu2DUkLm8sq_Wud9DivOfikKM&index=23&ab_channel=VanHalen-Topic','yes'),
(183,"Ain't talking about Love",6.07,'https://www.youtube.com/watch?v=F2Lf0C28tRo&list=PLH7EcK0NGu2DUkLm8sq_Wud9DivOfikKM&index=24&ab_channel=VanHalen-Topic','yes'),
(184,"Jump",5.48,'https://www.youtube.com/watch?v=7HzyXzfVvX8&list=PLH7EcK0NGu2DUkLm8sq_Wud9DivOfikKM&index=25&ab_channel=VanHalen-Topic','yes')
;


INSERT INTO Songs_Album
VALUES (1, 1), (2, 1), (3, 1), (4, 1),
      (5, 1), (6, 1), (7, 1), (8, 1),
      (9, 1), (10, 1), (11, 1), (12, 2),
      (13, 2), (14, 2), (15, 2), (16, 2),
      (17, 2), (18, 2), (19, 2), (20, 2),
      (21, 2), (22, 3), (23, 3), (24, 3),
      (25, 3), (26, 3), (27, 3), (28, 3),
      (29, 3), (30, 3), (31, 4), (32, 4),
      (33, 4), (34, 4), (35, 4), (36, 4),
      (37, 4), (38, 4), (39, 4), (40, 5),
      (41, 5), (42, 5), (43, 5), (44, 5),
      (45, 5), (46, 5), (47, 5), (48, 5),
      (49, 5), (50, 5), (51, 5), (52, 6),
      (53, 6), (54, 6), (55, 6), (56, 6),
      (57, 6), (58, 6), (59, 6), (60, 6),
      (61, 7), (62, 7), (63, 7), (64, 7),
      (65, 7), (66, 7), (67, 7), (68, 7),
      (69, 7), (70, 8), (71, 8), (72, 8),
      (73, 8), (74, 8), (75, 8), (76, 8),
      (77, 8), (78, 8), (79, 8), (80, 9),
      (81, 9), (82, 9), (83, 9), (84, 9),
      (85, 9), (86, 9), (87, 9), (88, 9),
      (89, 9), (90, 9), (91, 13), (92, 13),
      (93, 13), (94, 13), (95, 13), (96, 13),
      (97, 13), (98, 13), (99, 13), (100, 13),
      (101, 13), (102, 13), (103, 13), (104, 13),
      (105, 13), (106, 13), (107, 13), (108, 13),
      (109, 13), (110, 13), (111, 13), (112, 13),
      (113, 13), (114, 13), (115, 13), (116, 10),
      (117, 10), (118, 10), (119, 10), (120, 10),
      (121, 10), (122, 10), (123, 10), (124, 10),
      (125, 10), (126, 10), (127, 10), (128, 10),
      (2, 15), (4, 15), (1, 15), (13, 15),
      (22, 15), (35, 15), (53, 15), (54, 15),
      (62, 15), (64, 15), (71, 15), (80, 15),
      (88, 15), (117, 15), (129, 15), (130, 15),
      (131, 15), (132, 11), (133, 11), (134, 11),
      (135, 11), (136, 11), (137, 11), (138, 11),
      (139, 11), (140, 11), (141, 11), (142, 11),
      (143, 11), (2, 16), (144, 16), (145, 16),
      (146, 16), (3, 16), (4, 16), (22, 16),
      (57, 16), (64, 16), (76, 16), (80, 16),
      (21, 16), (35, 16), (45, 16), (53, 16),
      (67, 16), (77, 16), (90, 16), (117, 16),
      (1, 16), (6, 16), (54, 16), (58, 16),
      (62, 16), (66, 16), (83, 16), (13, 16),
      (23, 16), (46, 16), (71, 16), (75, 16),
      (88, 16), (121, 16), (122, 16), (95, 16),
      (101, 16), (114, 16), (147, 12), (148, 12),
      (149, 12), (150, 12), (151, 12), (152, 12),
      (153, 12), (154, 12), (155, 12), (156, 12),
      (157, 12), (158, 12), (159, 12), (160, 14),
      (161, 14), (162, 14), (163, 14), (164, 14),
      (165, 14), (166, 14), (167, 14), (168, 14),
      (169, 14), (170, 14), (171, 14), (172, 14),
      (173, 14), (174, 14), (175, 14), (176, 14),
      (177, 14), (178, 14), (179, 14), (180, 14),
      (181, 14), (182, 14), (183, 14), (184, 14)
;

INSERT INTO Songs_Artist
VALUES (1, 1), (1, 2), (1, 3), (1, 4), (2, 1), (2, 2), (2, 3),
      (2, 4), (4, 1), (4, 2), (4, 3), (4, 4), (5, 1), (5, 2),
      (5, 3), (5, 4), (6, 1), (6, 2), (6, 3), (6, 4), (7, 1),
      (7, 2), (7, 3), (7, 4), (8, 1), (8, 2), (8, 3), (8, 4),
      (9, 1), (9, 2), (9, 3), (9, 4), (11, 1), (11, 2), (11, 3),
      (11, 4), (3, 8), (10, 9), (13, 1), (13, 2), (13, 3), (13, 4),
      (14, 1), (14, 2), (14, 3), (14, 4), (15, 1), (15, 2), (15, 3),
      (15, 4), (16, 1), (16, 2), (16, 3), (16, 4), (17, 1), (17, 2),
      (17, 3), (17, 4), (18, 1), (18, 2), (18, 3), (18, 4), (19, 1),
      (19, 2), (19, 3), (19, 4), (20, 1), (20, 2), (20, 3), (20, 4),
      (21, 1), (21, 2), (21, 3), (21, 4), (12, 10), (22, 1), (22, 2),
      (22, 3), (22, 4), (23, 1), (23, 2), (23, 3), (23, 4), (24, 1),
      (24, 2), (24, 3), (24, 4), (25, 1), (25, 2), (25, 3), (25, 4),
      (26, 1), (26, 2), (26, 3), (26, 4), (27, 1), (27, 2), (27, 3),
      (27, 4), (28, 1), (28, 2), (28, 3), (28, 4), (29, 1), (29, 2),
      (29, 3), (29, 4), (30, 1), (30, 2), (30, 3), (30, 4), (31, 1),
      (31, 2), (31, 3), (31, 4), (32, 1), (32, 2), (32, 3), (32, 4),
      (33, 1), (33, 2), (33, 3), (33, 4), (34, 1), (34, 2), (34, 3),
      (34, 4), (35, 1), (35, 2), (35, 3), (35, 4), (36, 1), (36, 2),
      (36, 3), (36, 4), (37, 1), (37, 2), (37, 3), (37, 4), (38, 1),
      (38, 2), (38, 3), (38, 4), (39, 1), (39, 2), (39, 3), (39, 4),
      (41, 1), (41, 2), (41, 3), (41, 4), (42, 1), (42, 2), (42, 3),
      (42, 4), (43, 1), (43, 2), (43, 3), (43, 4), (44, 1), (44, 2),
      (44, 3), (44, 4), (47, 1), (47, 2), (47, 3), (47, 4), (48, 1),
      (48, 2), (48, 3), (48, 4), (50, 1), (50, 2), (50, 3), (50, 4),
      (40, 8), (46, 13), (46, 14), (46, 15), (45, 11), (45, 12), (49, 16),
      (49, 17), (51, 18), (52, 1), (52, 2), (52, 3), (52, 4), (53, 1),
      (53, 2), (53, 3), (53, 4), (54, 1), (54, 2), (54, 3), (54, 4),
      (55, 1), (55, 2), (55, 3), (55, 4), (56, 1), (56, 2), (56, 3),
      (56, 4), (57, 1), (57, 2), (57, 3), (57, 4), (59, 1), (59, 2),
      (59, 3), (59, 4), (60, 1), (60, 2), (60, 3), (60, 4), (58, 1),
      (58, 2), (58, 3), (58, 4), (58, 19), (61, 1), (61, 3), (61, 4),
      (61, 5), (62, 1), (62, 3), (62, 4), (62, 5), (63, 1), (63, 3),
      (63, 4), (63, 5), (64, 1), (64, 3), (64, 4), (64, 5), (65, 1),
      (65, 3), (65, 4), (65, 5), (66, 1), (66, 3), (66, 4), (66, 5),
      (67, 1), (67, 3), (67, 4), (67, 5), (68, 1), (68, 3), (68, 4),
      (68, 5), (69, 1), (69, 3), (69, 4), (69, 5), (70, 1), (70, 3),
      (70, 4), (70, 5), (71, 1), (71, 3), (71, 4), (71, 5), (72, 1),
      (72, 3), (72, 4), (72, 5), (73, 1), (73, 3), (73, 4), (73, 5),
      (74, 1), (74, 3), (74, 4), (74, 5), (75, 1), (75, 3), (75, 4),
      (75, 5), (76, 1), (76, 3), (76, 4), (76, 5), (77, 1), (77, 3),
      (77, 4), (77, 5), (78, 1), (78, 3), (78, 4), (78, 5), (79, 20),
      (80, 1), (80, 3), (80, 4), (80, 5), (81, 1), (81, 3), (81, 4),
      (81, 5), (82, 1), (82, 3), (82, 4), (82, 5), (83, 1), (83, 3),
      (83, 4), (83, 5), (84, 1), (84, 3), (84, 4), (84, 5), (85, 1),
      (85, 3), (85, 4), (85, 5), (86, 1), (86, 3), (86, 4), (86, 5),
      (87, 1), (87, 3), (87, 4), (87, 5), (88, 1), (88, 3), (88, 4),
      (88, 5), (89, 1), (89, 3), (89, 4), (89, 5), (90, 1), (90, 3),
      (90, 4), (90, 5),(99, 4), (116, 1), (116, 3), (116, 4), (116, 5),
      (117, 1), (117, 3), (117, 4), (117, 5), (118, 1), (118, 3), (118, 4),
      (118, 5), (119, 1), (119, 3), (119, 4), (119, 5), (120, 1), (120, 3),
      (120, 4), (120, 5), (121, 1), (121, 3), (121, 4), (121, 5), (122, 1),
      (122, 3), (122, 4), (122, 5), (123, 1), (123, 3), (123, 4), (123, 5),
      (124, 1), (124, 3), (124, 4), (124, 5), (125, 1), (125, 3), (125, 4),
      (125, 5), (126, 1), (126, 3), (126, 4), (126, 5), (127, 1), (127, 3),
      (127, 4), (127, 5), (128, 1), (128, 3), (128, 4), (128, 5), (130, 1),
      (130, 2), (130, 3), (130, 4), (131, 1), (131, 2), (131, 3), (131, 4),
      (129, 1), (129, 3), (129, 4), (129, 5), (132, 1), (132, 3), (132, 4),
      (132, 6), (133, 1), (133, 3), (133, 4), (133, 6), (134, 1), (134, 3),
      (134, 4), (134, 6), (135, 1), (135, 3), (135, 4), (135, 6), (136, 1),
      (136, 3), (136, 4), (136, 6), (137, 1), (137, 3), (137, 4), (137, 6),
      (138, 1), (138, 3), (138, 4), (138, 6), (139, 1), (139, 3), (139, 4),
      (139, 6), (140, 1), (140, 3), (140, 4), (140, 6), (141, 1), (141, 3),
      (141, 4), (141, 6), (142, 1), (142, 3), (142, 4), (142, 6), (143, 1),
      (143, 3), (143, 4), (143, 6), (144, 1), (144, 3), (144, 5), (145, 1),
      (145, 3), (145, 5), (146, 1), (146, 3), (146, 5), (147, 1), (147, 2),
      (147, 3), (147, 7), (148, 1), (148, 2), (148, 3), (148, 7), (149, 1),
      (149, 2), (149, 3), (149, 7), (150, 1), (150, 2), (150, 3), (150, 7),
      (151, 1), (151, 2), (151, 3), (151, 7), (152, 1), (152, 2), (152, 3),
      (152, 7), (153, 1), (153, 2), (153, 3), (153, 7), (154, 1), (154, 2),
      (154, 3), (154, 7), (155, 1), (155, 2), (155, 3), (155, 7), (156, 1),
      (156, 2), (156, 3), (156, 7), (157, 1), (157, 2), (157, 3), (157, 7),
      (158, 1), (158, 2), (158, 3), (158, 7), (159, 1), (159, 2), (159, 3),
      (159, 7), (170, 3)
;
